{
    "variable_to_simulation": [
        {
            "type": "pressure",
            "state": 0,
            "surface_selection": [],
            "composition": []
        }
    ],
    "parameters": [],
    "functionals": [
        {
            "type": "sdf-target",
            "state": 0,
            "surface_selection": [
                5
            ],
            "delta": 0.05,
            "control_points_grid": [
                [
                    -0.5,
                    0.0065,
                    -0.5
                ],
                [
                    -0.16666666666666669,
                    0.0065,
                    -0.5
                ],
                [
                    0.16666666666666663,
                    0.0065,
                    -0.5
                ],
                [
                    0.5,
                    0.0065,
                    -0.5
                ],
                [
                    -0.5,
                    0.0065,
                    -0.16666666666666669
                ],
                [
                    -0.16666666666666669,
                    0.4065,
                    -0.16666666666666669
                ],
                [
                    0.16666666666666663,
                    0.4065,
                    -0.16666666666666669
                ],
                [
                    0.5,
                    0.0065,
                    -0.16666666666666669
                ],
                [
                    -0.5,
                    0.0065,
                    0.16666666666666663
                ],
                [
                    -0.16666666666666669,
                    0.4065,
                    0.16666666666666663
                ],
                [
                    0.16666666666666663,
                    0.4065,
                    0.16666666666666663
                ],
                [
                    0.5,
                    0.0065,
                    0.16666666666666663
                ],
                [
                    -0.5,
                    0.0065,
                    0.5
                ],
                [
                    -0.16666666666666669,
                    0.0065,
                    0.5
                ],
                [
                    0.16666666666666663,
                    0.0065,
                    0.5
                ],
                [
                    0.5,
                    0.0065,
                    0.5
                ]
            ],
            "knots_u": [
                0,
                0,
                0,
                0,
                1,
                1,
                1,
                1
            ],
            "knots_v": [
                0,
                0,
                0,
                0,
                1,
                1,
                1,
                1
            ]
        }
    ],
    "states": [
        {
            "path": "static-control-pressure-nodes-3d.json"
        }
    ],
    "solver": {
        "advanced": {
            "characteristic_force_density": 1,
            "characteristic_length": 1
        },
        "nonlinear": {
            "norm_type": "Euclidean",
            "rel_grad_norm_tol": 0,
            "first_grad_norm_tol": 1e-10,
            "grad_norm_tol": 1e-08
        }
    }
}